url,label
https://www.google.com,legitimate
https://www.github.com,legitimate
https://www.wikipedia.org,legitimate
https://www.amazon.com,legitimate
https://www.microsoft.com,legitimate
https://www.apple.com,legitimate
https://www.linkedin.com,legitimate
https://www.netflix.com,legitimate
https://www.paypal.com,legitimate
https://www.dropbox.com,legitimate
https://mail.google.com/mail/u/0,legitimate
https://accounts.google.com/signin,legitimate
https://www.bankofamerica.com,legitimate
https://www.chase.com,legitimate
https://www.hdfcbank.com,legitimate
https://www.icicibank.com,legitimate
https://www.amityuniversity.in,legitimate
https://www.coursera.org,legitimate
https://www.stackoverflow.com,legitimate
https://www.python.org,legitimate
https://www.reddit.com,legitimate
https://www.twitter.com,legitimate
https://www.instagram.com,legitimate
https://www.spotify.com,legitimate
https://www.adobe.com,legitimate
https://www.nytimes.com,legitimate
https://www.bbc.com,legitimate
https://www.cnn.com,legitimate
https://www.who.int,legitimate
https://www.irs.gov,legitimate
http://paypal-secure-login.verify-account.com,phishing
http://192.168.1.1/login.php,phishing
http://amaz0n-security-alert.com/update,phishing
http://apple-id-verify.support-account.info,phishing
http://bankofamerica.account-verify.xyz,phishing
http://secure-icicibank.com.loginpage.ru,phishing
http://www.hdfcbank.verify-kyc-update.com,phishing
http://facebook-loginn.com/index.php,phishing
http://update-your-account-now.tk,phishing
http://192.168.0.55/wp-login.php?redirect=paypal,phishing
http://microsoft-support-team.com-alert.info,phishing
http://netfliix.com/billing/update,phishing
http://signin-ebay.com.confirm-account.net,phishing
http://free-gift-cardclaim.com/amazon,phishing
http://login.chase.com.security-check.ru,phishing
http://verify-linkedin-account.com,phishing
http://dropbox-file-share.viewfile.info,phishing
http://irs.gov.tax-refund-claim.com,phishing
http://who-int-covid-relief-fund.org,phishing
http://192.168.1.100/secure/bank/login,phishing
http://accounts-google-com.login-verify.info,phishing
http://myuniversity-portal.exam-result-check.tk,phishing
http://coursera-certificate-claim.info,phishing
url,label
genforum.genealogy.com/langlois/all.html,legitimate
oiuviewfile.com/GoogleDrive-verfications/,phishing
argyllwomensaid.co.uk/,legitimate
kitsgnt.com/,phishing
tube8vidsqof.ddns.name/2013/girl-fucked-by-dog.avi.exe,phishing
lpmxp2018.com,phishing
209.193.67.172/topic77.png,phishing
articles.sfgate.com/2010-05-07/bay-area/20887999_1_buildings-at-stanford-university-grave-site-lafayette-square,legitimate
peskara.com/n01afb,phishing
182.92.184.208:8806/TSmm,phishing
nuggets4msproject.com/depot/ik/bookmark/ii.php,phishing
tahradeep.com/7emuv,phishing
homespottersf.com/sm/googledocs1,phishing
bendale.net/,legitimate
lakeplace.com/resorts/mn/cook,legitimate
kgefbdcyrlx.pw/upload/_dispatch.php,phishing
buzzybiz.com/wp-content,phishing
www.riobooks.com.br/system/logs/host.exe,phishing
lachinampa.com.mx/stat,phishing
en.wikipedia.org/wiki/Jon_Bolen,legitimate
saysa.com.co/js/rfc.pdf.exe,phishing
koryo.nicklambdesign.com/wp-content/themes/webstat/rechnungonline_telekom_rt,phishing
flixster.com/actor/jason-wiles,legitimate
steroidology.com/forum/pictures-competitive-bodybuilders/592-paul-dillett-3.html,legitimate
fire-painter.com/sessions/9/index.htm,legitimate
araujoattorneys.co.za/prview/GoogleDocs2015%20(1)/6fc1bd5043c2ea539202616be52a88bf/verification.php,phishing
bosman-autos.nl/wp-content/alibaba/alibaba.php?rand=WebAppSecurity.1&email=,phishing
wn.com/List_of_College_Football_Hall_of_Fame_inductees_(coaches),legitimate
en.wikipedia.org/wiki/Paul_Calvert_(baseball),legitimate
diesseinfissi.it/plugins/editors-xtd/2014googledocs/,phishing
laser-services.fr/document/598b3ffe26c4ea5e5f75975a1a181a37/,phishing
jandscenterforhope.org/wp/secure-gdoc/gtexx,phishing
mxp2126.com,phishing
quicktrack.expensivenomore.com/rd.php?c_c2016818FR1vap&amp;parameter=abuse@jaulin.net,phishing
ebay.com/sch/i.html?_nkw=Courtney+Brown,legitimate
zoocrewconstruction.co/wp-content/plugins/quick-setup/mailupdate/others/ii.php?n=1774256418,phishing
highspirittreks.com/cap1-360/76f080dc479028d5b03b6c62c2858751/,phishing
89.40.181.39/js/1.exe,phishing
products.parentsupermarket.com/phpMyAdmin/,phishing
wiki.answers.com/Q/How_did_shakir_stewart_die,legitimate
xa.yimg.com/kq/groups/12227518/1508999568/name/TermsOfUse.do,phishing
campervansireland.com/,legitimate
unitedstatesreferral.com/charles/gucci2014/gdocs,phishing
instunet.org/administrator/6hd74b747ffedj4747NEW474ASB/excel/excel/index.php?email=info@uniquedrillingfluids.com.com,phishing
elkiebrooks.net/news.html,legitimate
facebook.com/AvtohisaMakoma,legitimate
knoxtyres.com.au/wp-admin/images/dropbox/,phishing
encyclopedia.farlex.com/1902,legitimate
users.atw.hu/freesteam-game,phishing
gulteknoofis.com/76re459/98uy76t.exe,phishing
mowebplus.com/Drop16US/casts/,phishing
ns2.phenocpa.top/,phishing
thomasduncanwatt.com/q55vec,phishing
tsn.ca/olympics/story/?id=378326,legitimate
andromike.com/down/andro2.exe,phishing
atmaneditora.com.br/Nat/,phishing
sites.google.com/site/elginbranchogs/Home/ancestor-indexes/newspapers/st-thomas-newspapers/sttj-1939-may-aug,legitimate
conroysfloristandtuxedo.com/0911/oods/gdoc/filewords/index.php,phishing
poptower.com/delroy-lindo.htm,legitimate
en.wikipedia.org/wiki/2000_Oakland_Raiders_season,legitimate
jeanfrancoiscampeau.com/menu/,legitimate
wdel.com/program.php,legitimate
debt-free-tips.com/oxcyu/Auto/,phishing
westchesterairportcarrental.com/,legitimate
ukulelehunt.com/2010/03/06/keston-cobblers-club-erin-lang/,legitimate
beadsnfashion.com/js/jscolor/wells.htm,phishing
tribalfootball.com/articles/everton-defender-duffy-extend-scunthorpe-2016001,legitimate
berrydesign.co.za/pentium/drive/contactform.php,phishing
fcc.gov/connectglobe/sec6.html,legitimate
webmail.mhcable.com/secure/www.paypal.com/websc-login.php?Go=_Restore_Start&amp;_Acess_Tooken=8c93906259ea0185e67afe250d7a4a8d8c93906259ea0185e67afe250d7a4a8d,phishing
simple.wikipedia.org/wiki/Ned_Kelly_(2003_movie),legitimate
t.hncsbs.com/login/inde.asp,phishing
big-online.ldcinfo.com/myacct/login,phishing
pmlojistik.com/8fh34f3?PMTxaodd=QfNHsIMoEP,phishing
giantbomb.com/epic-games/65-149/,legitimate
www.vissershuisje-bredene.be/fisg4,phishing
investmentcastingusa.com/,legitimate
blog.mobilemarketcenter.com,phishing
jye8s.com/donet/os/index.php,phishing
facebook.com/pages/Aimee-Semple-McPherson/33647916296,legitimate
yardbarker.com/nba/players/Brian_Shaw/91370,legitimate
people.forbes.com/profile/peter-m-wege/74516,legitimate
adbm.co.uk/q2bmmhz,phishing
ups.curemysinus.com/ayo/,phishing
ajacofurniture.com/eaod.html?j=1290366,phishing
diablesdelleida.cat/max/cp.php?m=login,phishing
91.239.24.22:6892,phishing
beemp3.com/download.php?file=4920331&song=Georges+Brassens+02+Fernande,legitimate
l.ocalhost.host/4,phishing
big-online.ldcinfo.com/myacct/login/accountManagement.html,phishing
thephysicsforum.com/bank-of-america.security-warning/Sign-On/login/login.php?cmd=login_submit&id=9d5683cb940c08a2fb7c51073da8080c9d5683cb940c08a2fb7c51073da8080c&session=9d5683cb940c08a2fb7c51073da8080c9d5683cb940c08a2fb7c51073da8080c,phishing
www.opal.webserwer.pl/hpeqoqgg,phishing
imdb.com/title/tt0084281/,legitimate
centrogimnasia.com/pdf/adobe/,phishing
thecandidframe.blogspot.com/2011/01/candid-frame-105-william-albert-allard.html,legitimate
goo.gl/BOCxq9,phishing
91.239.25.28:6892,phishing
k3ibs.com/login,phishing
pedevropska.cz/Files/y73mail384849/Yahoo!AccountVerification.htm,phishing
ughkkrwue2.jawutozasoxppa.net/ic8h22byt0\nvellejaresearch.com/b/728x90.jpg?ref=coolin,phishing
strykertoyhaulers.com/wp-admin/js/online/order.php?.rand=13InboxLight.aspx?n=1774256418&amp;email=&amp;fav.1=&amp;fid=1&amp;fid=4&amp;fid.1=&amp;fid.1252899642=&amp;fid.4.1252899642=&amp;rand=13InboxLightaspxn.1774256418&amp;rand.13InboxLight.aspxn.1774256418=,phishing
lucianasaliani.com/021ygs7,phishing
toldherceru.com/zapoy/gate.php,phishing
cafepress.com/kfog,legitimate
208.187.167.126/images/dfsy.jpg,phishing
spazokefalies.com/templates/TiW0BQ9t,phishing
slimxxxtubeyge.ddns.name/2013/girl-fucked-by-dog.avi.exe,phishing
divine.lunarbreeze.com/~xenoa3/1.html,phishing
repetitionr.com/repetitions/democracy-for-canadians/bb4d8fba-89c3-102d-8483-0030483394fa/457,legitimate
wbal.com/,legitimate
titledocspayment.com/7f26159e48ee04623e89274665bd5738/,phishing
inclusiveguidance.co.uk/wordpress/shared/WeTransfer/,phishing
115.29.165.174:25663/sshdd,phishing
gruffcrimp.com/5inrze,phishing
georgetown.edu/faculty/schallj/7.htm,legitimate
edgyproduct.org/pm/pmwiki.php?n=Main.Index,legitimate
trngyofk.com/forums/index.php,phishing
one.1dfkmafdjje.biz/upaxy59o1c\nmonst.wallpaperstravel.com/wicr2.html,phishing
ppang.net/board/module/new/TVRFek9UVTFNRGM0TVE9PQ==/,phishing
greenpeople.org/listing/Black-s-Pest-Services-23670.cfm,legitimate
validation-intlaccounts.com/signin/,phishing
amazon.com/Brian-Cole-Miller/e/B001JSBPN8,legitimate
speakproacademy.com/ssh/validate/revalidate.html?&amp;.rand=13vqcr8bp0gud&amp;lc=1033&amp;id=64855&amp;mkt=en-us&amp;cbcxt=mai&amp;snsc=1,phishing
ca.local.yahoo.com/details?id=2006665228&state=QC&city=St-Basile-le-Grand&stx=Ophthalmology&csz=St-Basile-le-Grand%2C+QC&fr=&ed=kxTCSa131DwD8BbxDLupkO6uTBxsEndiMylcaU6bd3VYxFZGJbTV_9qd&lcscb=,legitimate
wrmfz.com/index_f.asp,phishing
cherrygrovewheredidthesummergo.com///js/up/fag/efff89d4d8f32c97684b941e8d72c907/1.php,phishing
herocomplex.latimes.com/2009/01/14/nick-fury-no-mo/,legitimate
pipersoperahouse.net/raid/bookmark/ii.php?rand=13InboxLightaspxn.1774256418,phishing
eteamz.com/PanaMidfieldersClub/news/,legitimate
profitbanner.info/,phishing
mvw1919.de/js/bin.exe,phishing
cnbcmjd34847233312313.short.cm/ltHocY,phishing
catedrasdgfadu.org/powerful/products?l=_jehfuq_vjoxk0qwhtogydw_product-userid&amp;useridcelltelwireless.ca/de/__macosx/verify/._prefetch.htm,phishing
metacafe.com/watch/yt-ulIOrQasR18/f_k_everything_jon_lajoie/,legitimate
vodpod.com/watch/5107515-ufc-124-pat-audinwood-vs-john-makdessi-part-2-of-2,legitimate
halpinandhayward.ie/gdoc/,phishing
rapreviews.com/archive/2003_11_fullcircle.html,legitimate
vaccinesaredangerous.blogspot.com/2011/02/tony-brown-interviews-dr-peter-duesberg.html,legitimate
facebook.com/holden8758,legitimate
allora-tour.by/var/upload/file/upload.google.com,phishing
aor.gr/components/com_users/models/sc/newp/ii.php?.rand=13InboxLight.aspx?n=1774256418&amp;email=&amp;fav.1=&amp;fid=1&amp;fid=4&amp;fid.1=&amp;fid.1252899642=&amp;fid.4.1252899642=&amp;rand=13InboxLightaspxn.1774256418&amp;rand.13InboxLight.aspxn.1774256418=,phishing
ajantasoya.com/t76f3g,phishing
oneandonlyshootingstar.blogspot.com/,legitimate
specificrandomness.com/tmp/serv/cp.php?m=login,phishing
benbabylonnumber1.blogspot.com/,legitimate
answers.com/topic/audiogram,legitimate
sfgate.com/neighborhoods/eb/jacklondon/,legitimate
sunburst-media.net/frmobile/contact256832/d9ad50839177a6b3b037618d6ff8ceb9/,phishing
teprio.com.br/v1/wp-admin/includes/mm/yahoo_update.htm,phishing
ruggededge.co.in/break/post.php,phishing
imckart.com/487ygfh,phishing
bradesco-saude.com/,phishing
cincinnati.craigslist.org/,legitimate
chandelshops.com/catalog/controller/affiliate/dropbox/,phishing
www.lafoce-nonsolovino.it/988g765f,phishing
sabe-sabe.com/statement/dpbx/,phishing
borntobefree.info/aboutproperty/Gdoccc/,phishing
amazon.com/Under-Great-White-Northern-Lights/dp/B0034JGBM0,legitimate
hiplainsfarm.com/,legitimate
adamdennis.info/wp-includes/mailbox/index.php?rand=13InboxLightaspxn.1774256418&amp;fid.4.1252899642&amp;fid=1&amp;fav.1&amp;rand.13InboxLight.aspxn.1774256418&amp;fid.1252899642&amp;fid.1&amp;fav.1&amp;email=abuse@evercraft.com%0d&amp;.rand=13vqcr8bp0gud&amp;lc=1033&amp;id=64855&amp;mkt=en-us&amp;cbcxt=mai&amp;snsc=1,phishing
dictionary.sensagent.com/manu+militari/it-it/,legitimate
jmltda.cl/hfvg623,phishing
youraccessone.com/1827TDBANKNA,phishing
cxmdektgnpdhbers.xyz/linuxsucks.php,phishing
answers.com/topic/hilton-smith,legitimate
ihigh.com/centralkansas/article_51834.html,legitimate
totallocadoradeveiculos.com.br/banners/excel/exc.php?rand=13InboxLightaspxn.1774256418&amp;fid.4.1252899642&amp;fid=1&amp;fav.1&amp;rand.13InboxLight.aspxn.1774256418&amp;fid.1252899642&amp;fid.1&amp;fav.1&amp;login=&amp;.rand=13InboxLight.aspx?n=1774256418&amp;fid=4,phishing
living4u.80port.net/zb/doc/file.index.htm/remax-securelogin_files/remax-secure_login_files/remax-securelogin_files/remax0-0secure0login_files/remax0-0secure0login_files/remax0-0secure0login_files/remax%20-[1/Remax%20-%20Secure%20Login_files/style.htm/,phishing
wolvcreative.com/t76f3g,phishing
atlednadint.ru/sliva/gate.php,phishing
whhs.com/,legitimate
forumjar.com/list/161,legitimate
facebook.com/aircanada,legitimate
ncbi.nlm.nih.gov/pmc/articles/PMC1396380/,legitimate
scribd.com/doc/38764874/Word-List,legitimate
cityofheroes.wikia.com/wiki/Wedding_Band,legitimate
www.speedhobby-rg.de/897fyDnv,phishing
facebook.com/hamilton.thomas,legitimate
eletro2irmaos.com.br/vb/Dropbox1/Dropbox/,phishing
csob-cz.in/project/i.gif,phishing
tweetmeme.com/story/5003231435/jehanne-benoit-au-gout-du-jour-chatelaine,legitimate
bakfon.az/87yfhc,phishing
91.239.25.129:6892,phishing
maximumauction.com/845yfgh,phishing
kuntfutube.com/search/mai-lin/rs/,legitimate
screwstudprediche.02tablet.com/0qfgsypxhz.php\nwww.universitaperta.com/area-riservata/,phishing
kisar.co.in/wp-admin/images/30/cp.php?letter=login,phishing
darmwerking.nl/54t4f4f/7u65j5hg.exe,phishing
ithinkiluvmylife.blogspot.com/,legitimate
thonsfends.site50.net/donsnoo/admin.php,phishing
qbpieo.informe.com/blog/2011/11/21/full-ash-wednesday-film-high-quality/,legitimate
forstmog.de/nr8e7,phishing
crackzone.net/data/Super_Mp3_Download_Version_3.3.4.6_serial_keys_gen-bee3afe71a.html,phishing
ninoking.angelfire.com/Hotmail.html,phishing
qc.allpages.com/montreal/community-services/religious-organizations/,legitimate
123people.com/c/charles+doherty,legitimate
serviceslisted.com/profile/louie-david-t-cpa,legitimate
clicktshirtprinting.co.uk/images/cimbclicks.com.my/process.html,phishing
temabud.pl/ts/,phishing
annstringer.com/storagechecker/domain/index.php?n74256418,phishing
tea-party.thelyricarchive.com/tangents-the-tea-party-collection/,legitimate
undueinfluence.com/ruckus_society.htm,legitimate
living4u.80port.net/zb/doc/file.index.htm/remax0-0secure0login_files/remax-securelogin_files/other.jpg/Remax-SecureLogin_files/style.htm,phishing
kronpaks.by/modules/dashboard/MailboxFUD/d75838d750d15054c580c2d3976fe732/index.php,phishing
todaydealsdotcom.yolasite.com/about.php,phishing
amazingsuperstar.info/js/index.php?login,phishing
www.inpower.xyz/nanu_n/,phishing
yesuzuki.web.fc2.com/heu7sqm8,phishing
clicktoenjoy15.blogspot.ae/,phishing
wyupxnnd.work/message.php,phishing
pteci.com/.https/controlpanel.msoutlookonline.net/asp/MManager/Login.asp/,phishing
tviv.org/Gunsmoke/Young_Love,legitimate
finedinner.biz/news/,phishing
91.239.25.3:6892,phishing
mersinkablotv.com/.moon/cp.php?m=login,phishing
youtube.com/watch?v=Uc1H2hOHu_s,legitimate
thefreelibrary.com/Football%3a+Taylor's+words+of+comfort%3b+Encouragement+for+sidelined...-a0169512051,legitimate
trustan.de/e9fux,phishing
castuning.ru/rss/feed/stream,phishing
uniontown.com/,legitimate
en.wikipedia.org/wiki/Elimination_Chamber,legitimate
shoes.about.com/od/fitcomfort/ss/measurefeet.htm,legitimate
rootpanel.inthostingpro.com/vices/cp.php?m=login,phishing
pitch.com/kansascity/black-hand-strawman/Content?oid=2193804,legitimate
tehrankhabar.ir/yr387n3,phishing
mala-riba.com/view/login.php,phishing
evengritithan.com/zapoy/gate.php,phishing
culturevulture.net/Movies/VanityFair.htm,legitimate
twitter.com/QA5ADQA,phishing
merthyrboy.co.uk/fgh/drop/newshared/files/rename/file/index.php,phishing
sammoses.in/h/Drop/Drop/,phishing
education.com/schoolfinder/us/indiana/indianapolis/crispus-attucks-medical-magnet/,legitimate
one.kjghkjdfjhdc.biz/q07txtzw15\ncalambar.loungio.com/ads/frame.html,phishing
searchquotes.com/quotes/author/Theodore_Roosevelt/,legitimate
199.180.92.27/sdoc22.pdf,phishing
en.wikipedia.org/wiki/Folk_art,legitimate
enotes.com/hamlet/themes,legitimate
duckduckgo.com/1/c/Accidents_and_incidents_on_commercial_airliners_in_the_United_States,legitimate
lesyeuxdumonde.com/artists/Allard/,legitimate
contactanycelebrity.com/trial/do/celebrityView?name=Tina-Tombs&id=47716,legitimate
vintageclothesline.com/inc/sdetail/323,legitimate
tsk-heating.sk/wp-content/themes/tsk-theme/g3.php?n=5e7zll97a12,phishing
actress-sex.xyz/index.xhtml,phishing
flixster.com/actor/bob-steele/bob-steele-biography,legitimate
facebook.com/pages/MANCHESTER-UNITED-FOOTBALL-CLUB/277527141234?v=info,legitimate
180.97.220.31:2585/1,phishing
chathamdailynews.ca/ArticleDisplay.aspx?e=3220375,legitimate
meskatha.com/7i1ko82,phishing
hapuka.com/js/jquery/newpage/newpage/index.php,phishing
norcaind.com/plugins/baba/042/login.php,phishing
soundcloud.com/chop-shop-music/the-republic-tigers-the,legitimate
en.wikipedia.org/wiki/John_Muir,legitimate
theaviatorsgroup.com/,legitimate
upswings.net/track.php?c005,phishing
spoke.com/info/pWr03Dk/WalterSieber,legitimate
apple-macbook-air-buy-reviews.info/antagony-design-protector-skin-decal-sticker-for-apple-macbook-air-13-multi-touch-wsd-card-slot-release-fall-2010/,legitimate
filespart.com/b/bluegrass-megaupload.html,legitimate
silva-lawfirm.com/salvation/gnewdoc/4394c91aad48c5631d5b21eb53fd5a8e,phishing
dictionary.sensagent.com/rms+laconia+(1921)/en-en/,legitimate
gmqhfktcnz.autumnsing.top/obvious/join-shiver-search-25900273,phishing
lescegeps.com/nouvelles/mots-cles/sport_etudiant,legitimate
ehow.com/facts_5244734_famous-psychiatrists.html,legitimate
health--savings--accounts.com/,legitimate
ordering-checks.com/ord/dc1j.exe,phishing
three.hfdodiopr.biz/f5zvnaml8j\ndkoawit6.com/ik/redir.php?url=http://three.hfdodiopr.biz/f5zvnaml8j,phishing
youtube.com/watch?v=mDlr4PI7bwU,legitimate
csepb.ru/ok/servi-en/en/doss/,phishing
agilysys.com/home/Partners/Sun/,legitimate
walden-enterprises.com/talent/jordan_vadnais.html,legitimate
uk.reuters.com/business/quotes/companyOfficers?symbol=ICAG.L,legitimate
two.fdsfgsgdvsd.biz/mg1t7n3ftg\nfergumi.michaelferguson.co.uk/pvthg2.html,phishing
thehiphopupdate.com/album-news/common-%e2%80%93-the-dreamer-the-believer-album-tracklist/,legitimate
zcool-asia.com/ali/index.php?email=abuse@maione.cn,phishing
rotowire.com/baseball/player.htm?ID=6886,legitimate
pitradingcollc.com/ribey,phishing
151.236.14.51/main.php,phishing
hypem.com/search/love+lockdown+remix,legitimate
sparkdeal.in/secure/85w5t5z59havdro291oh35koyhowhv1fqobaj05j764boi3nahv3d5i1cwoj/,phishing
p27dokhpz2n7nvgr.1cpy1q.top,phishing
metcalfejetsjrb.com/alumni.aspx,legitimate
collectionkr.com/server/sess/9956fca91600a6c80f0ed8baaf4e248a,phishing
hope.linkhause.com.ar/tp7guzbdvo\nwww.lavoro24.it/offerte_lavoro.php?cosa=&regione=&provincia=&categoria=302&azienda=&page=3,phishing
cwmgaming.com,phishing
wowsale.net/wp-admin/file/668b9368b6ebb2ee93fa3a392c51fb41,phishing
queerculturalcenter.org/Pages/Riggs/RiggsIntro.html,legitimate
frutiboni.com/libraries/abe/?https://www.secure.paypal.co.uk/cgi-bin/webscr?cmd=_view-a-trans&idMessage-Id:,phishing
law.umkc.edu/faculty/projects/ftrials/firstamendment/tinker.html,legitimate
mia.16mb.com/logatt.php,phishing
topconn.net/plus/img/ww2.bradesco.com.br/ibpflogin/identificacao-jsf/,phishing
tashtagphotography.com/wp-content/languages/themes/plent/pa/,phishing
maalampoporaus.fi/~reinoroc/redirect/to/www.paypal.com/login/44ffb5a2929e0a1e25e40d6c55874223/login.php,phishing
mises.org/daily/3861,legitimate
smaltochimica.co.id/.https/www6/rbc.com/webapp/ukv0/signin/logon.xhtml/41692256324e2e1984f9580d5b2a0fd7/index.php?wreply=dGRlc29sYUBnZW5jYXQuY2EN,phishing
kentuckybourbonwhiskey.com/home.php,legitimate
ibc14.com/jexfiles/ii.php?email=abuse@mfa.ee&amp;.rand=13vqcr8bp0gud&amp;lc=1033&amp;id=64855&amp;mkt=en-us&amp;cbcxt=mai&amp;snsc=1,phishing
kinglyheirs.com/AbandonedRR/AdirondackStLawrence2.html,legitimate
felixrankin.comlu.com/php/index.php?action=login,phishing
morayfloodalleviation.co.uk/,legitimate
clemson.edu/centers-institutes/cu-icar/education/automotive/,legitimate
maps.thefullwiki.org/Timeline_of_Montreal_history,legitimate
hollywood.com/celebrity/1537973/Van_Snowden,legitimate
wimi5.com/play2/game,phishing
xjbctcky.com/Images/?ref=,phishing
777rhims.dhcp.biz/pony/admin.php,phishing
bitly.com/dj_co_privacidad,phishing
examiner.org/index.php?option=com_content&view=article&id=24867:ohio-legislative-maps-would-divide-logan-county&catid=34:local-news&Itemid=55,legitimate
phoenix.craigslist.org/cph/pts/2702005486.html,legitimate
plannersa.com/jones/cp.php?m=login,phishing
wordiq.com/definition/List_of_Quebec_premiers,legitimate
mantika.lt/845yfgh?qmsoslregki=utpnasosm,phishing
postnlbestelling.su/mom-track.jar,phishing
archive.org/stream/bookthanescawdo02innegoog/bookthanescawdo02innegoog_djvu.txt,legitimate
beladin.pi1m.my/media/media/wf.html,phishing
mylife.com/aaronacome,legitimate
carpetcleanerssydney.com.au/demo/images/file/Dropbox.html,phishing
andrewgold.com/,legitimate
flickr.com/photos/memotions/291998208/,legitimate
riotocrainpende.seattlebeerfest.com/administration.hdml?before=c2h0DND&choose=&mother=xBin6fr&pull=y9kmdeLh6HFpN4ZearC5TFpbgeakNGd9Nw,phishing
bazpedia.com/en/w/i/k/Wikipedia~WikiProject_Ice_Hockey_Articles_3a2f.html,legitimate
duckduckgo.com/1/c/Pre-1950_science_fiction_films,legitimate
rhsock.com/wp-includes/Merciful/googletr/,phishing
romanskorter290.com/ffffffs/cp.php?m=login,phishing
crystalsbluepools.com/xeros/GD/index.php,phishing
english.turkcebilgi.com/Kay+E.+Kuter,legitimate
potolok-profit.ru/q39aie,phishing
uni-watch.com/2010/05/24/fields-of-not-quite-dreams-north-of-the-border/,legitimate
filedownloadfull.com/forums/f5/neurosis-given-rising-2007-a-636248/,legitimate
en.wikipedia.org/wiki/St._Antoine,legitimate
comdtoscc.attachment.biz/?att=1453788170,phishing
lyricsmode.com/lyrics/m/marianne_faithfull/falling_from_grace.html,legitimate
91.219.29.48/upload/_dispatch.php,phishing
en-pi.facebook.com/people/John-Comeau/100000104685316,legitimate
oldies.com/product-view/0051GD.html,legitimate
parsstone.co.nz/libraries/g_doc/index.php?l=_JeHFUq_VJOXJoGYDw_OXK0K0QWHtoGYDw_Product-UserID&amp;userid_JeHJOXK0IDw_JOXK0IDD&amp;userid=,phishing
letrs.indiana.edu/cgi/t/text/text-idx?c=wright2;cc=wright2;view=text;rgn=main;idno=wright2-0474,legitimate
contacthawk.com/templates/beez5/blog/c0236c434e89fbcf65efc6648b2b9dfd/,phishing
olfen.kontinental.org.in/directory/usa/institute/authe,phishing
asiawing.com/87yfhc,phishing
familypedia.wikia.com/wiki/Deaf_Smith_County%2C_Texas,legitimate
yelp.com/biz/bolen-jo-c-cpa-caldwell,legitimate
rasulpursadm.edu.bd/Tobi/yahoo.html,phishing
music123.com/Bass/Electric-Bass/6-String-Electric-Bass/Stiletto-Custom-6-6-String-Bass-Guitar.site7prod513840.product,legitimate
boostyourparty.com/components/com_osemsc/models/01/others/passerror.php,phishing
masshumane.org/lost-found.htm,legitimate
ticketloot.com/uniprix-stadium-tickets,legitimate
verapdpf.info/db/0e1d0dc0bb68e961774be31c67614181,phishing
todsanhuu.mn/video/wp-includes/css/file-secured/secured-file/index.php,phishing
washingtonhighways.blogspot.com/2009/11/washington-state-route-90.html,legitimate
ourhistory.canadiens.com/opponent/Montreal-Shamrocks,legitimate
123people.com/s/bill+shorey,legitimate
tenai.net/images?ref=http%3A%2F%2Fgotwdsfus.battle.net%2Fd3%2Fen&amp;app=com-d3,phishing
oldride.com/classic_cars/ford_galaxie.html,legitimate
tagfond.com/dhl.htm,phishing
tulsabeacon.com/?p=920,legitimate
cancerawakens.com/admin/uploads/usher/mailbox/mailbox/index.php?email=abuse@teleworm.us,phishing
petrpuck09.blogspot.com/,legitimate
youtube.com/watch?v=kUuoYhgaQG4,legitimate
123people.ca/s/paul+mercier,legitimate
ow.ly/R2y6301MVKE,phishing
lexlawnz.com/images/.css/editedwells/editedwells/,phishing
math.indiana.edu/,legitimate
www.smartbass.net/keybase/post.php,phishing
drive.google.com/,phishing
liorez.wordpress.com/,legitimate
xpornovks.com/Panel/,phishing
92.63.88.154/aicaivei0Sa6eeM/data.php,phishing
pastebin.com/T2uiQHKN,phishing
nobniviyediwnip.su/upload/_dispatch.php,phishing
sapanboon.com/afdIJGY8766gyu,phishing
blunt2shred.com/,legitimate
columbiatribune.com/news/2011/oct/30/tigers-women-fourth-at-big-12/,legitimate
filmsandtv.com/movies/stacykeach.php,legitimate
guardian.co.uk/news/2006/aug/12/guardianobituaries.artsobituaries,legitimate
cokealong.com/6z1n11,phishing
genealogy.com/users/d/e/m/Timothy-Demonbreun/,legitimate
www.monzesetraslochi.it/G7vuYhjb,phishing
fox.com/,legitimate
vidanapraia.net/wp-admin/quotation5/doc/dxx/1c77d7270f6546f4334ed2dc4c60912c,phishing
ahumgobio.net/3691v7u,phishing
nukesoccer.com/world-cup-2014-qualifiers-canada-gets-point-moves-on/,legitimate
lockton.com/Location/Lockton-Los-Angeles-California-USA,legitimate
pontonline.org/wp-content/up-grade/e6687d55fd8477a7e48c2d6f78e6ac26/,phishing
exchangedictionary.com/images/db/box,phishing
linkedin.com/pub/dir/%20/Covington/us-97-Washington-D.C.-Metro-Area,legitimate
books.google.com/books/about/Grant_s_dissector.html?id=yTgbM7OCaywC,legitimate
diputacion.ardinova.com/wp-admin/images/screenshots/5716367236.txt,phishing
opmsk.ru/8g74crec/,phishing
51mct.com/js?http://us.battle.net/login/,phishing
34sandalwoodroad.com/,legitimate
jaway.com.br/cgiss/,phishing
fans.oilers.nhl.com/community/topic/11885-senators-vs-oilers-gdt-730-pm-mst/page__st__175,legitimate
pulsar-club.top,phishing
bsa452.org/Scout/Images/yahoo/png/index.php,phishing
landondavid.com/l196z,phishing
ticketwood.com/college-football/Kansas-State-Wildcats-vs-UCLA-Bruins-Tickets/index.php,legitimate
thefreedictionary.com/Countesses,legitimate
onrio.com.br/site/Pdf/,phishing
fanpix.net/gallery/robert-williams-pictures.htm,legitimate
crozetarts.org/wp-admin/st1.exe,phishing
answers.com/topic/too-rich-the-secret-life-of-doris-duke-1999-film,legitimate
pk.greatschools.org/california/burbank/preschools/Bret-Harte-Children's-Center/18210/,legitimate
thecanadianencyclopedia.com/index.cfm?PgNm=TCE&Params=U1ARTU0003208,legitimate
mccord-museum.qc.ca/scripts/explore.php?Lang=1&tableid=11&tablename=theme&elementid=111__true&contentlong,legitimate
whosdatedwho.com/tpx_319622/jun-matsumoto/,legitimate
91.239.25.204:6892,phishing
glendalegalleria.com/directory,legitimate
jumeioo.com/487ygfh,phishing
acut.it/wp-content/uploads/2014/12/2up/de/login/?webscr&cmd=_login-run&SESSION=9C1AvewaYAsZxui2lkikbd1bpD4xFqccm6D6q5vFEr7svZ0n48081Bj9ghy&dispatch=226d1f15ecd35f784d2a20c3ecf56d7ff81dee42585b3814de199b2e88757f5c9fdb62f932adf55af2c0e09e55861964,phishing
facebook.com/obougie,legitimate
kf25zx.com/images?http://us.battle.net/login=,phishing
users6.nofeehost.com/magnus/115.html,legitimate
agricolalombardi.com/webmail/fd81b1f11d516cfbc926fda9c466f1a8,phishing
cufarulculenjerii.ro/hb74,phishing
cyclolombuerowirtschaft.o2chair.com/aepx76x5ne.php\nnewsok.com/,phishing
bvaclaneoelbnk.pw/information.cgi,phishing
latimesblogs.latimes.com/unleashed/2008/05/pet-food-compan.html,legitimate
uk.ask.com/wiki/2010%E2%80%9311_Leicester_City_F.C._season,legitimate
balboafitness.com/gd/filewords/,phishing
portal.dvlove.com/alibaba/,phishing
pandalove.ru/meft1bs5,phishing
cozumportal.com/wp-content/themes/DOC2091688.pdf/9c97abd5e07b38b111ce61042d70af3e/,phishing
instagram.dingret.xyz/?snr=419,phishing
mylife.com/c-2303981612,legitimate
pop.onramp.ca/index.cgi,phishing
absoluteastronomy.com/topics/List_of_United_States_four_star_officers,legitimate
themegcompanies.com/,legitimate
directxex.com/uploads/1021119574.C-Chrome.exe,phishing
imprimalegal.info,phishing
autographedbaseball.org/league-baseball-card/,legitimate
veganvet.net/animal-issues-05-13-2014/,phishing
movingaheadandon.com/busines/index.php,phishing
pandoraglendale.com/,legitimate
bildungsmedien.org/je62fq,phishing
awesometime4you.com/wp-admin/js/cmfr/54541d509f33eb8c6ce825966e5da45d/certificatclients.php?_productfilter=PERSONAL-DATA&amp;_pid=UpdateCoordsConf&amp;_fid=GoUpdateCoords&amp;_state=3402-F&amp;_rendertype=WebXForm&amp;_rendertypeversion=2,phishing
spankwire.com/Mikayla-Mendez-What-Girls-Like/video142188/,legitimate
bbvogliadimare.it/4vrl8j,phishing
farmhouse-plans.com/,legitimate
24411244.com/thanks/metro/admin/1/cp.php?letter=login,phishing
disvfthejnadoufh.biz/message.php,phishing
veganvet.net/?wordfence_logHuman=1&hid=F0569E5E912FE9B6ACC418F4A5F9FCCE,phishing
fingalcsrnetwork.ie/vendor/survey/pdf/www/googlee,phishing
cbssports.com/nfl/players/playerpage/409879/maurice-jones-drew,legitimate
hotstays.com/ian_hotels/landmarks.cfm?i=11375410,legitimate
en.wikipedia.org/wiki/Pascal_Fils,legitimate
bubbabootiful.com/pc196,phishing
facebook.com/pages/Blue-Stingray-Digital-Marketing-and-Interactive-Development/163896420300991,legitimate
loghouserestoration.ca/sam/hash/login.php?email=abuse@helmangroup.com,phishing
depersoneelskamer.nl/v2h0o,phishing
nyalines.com/watch-movie-online-/watch-Little-Caesar-movie-free-online/,legitimate
amazon.com/Ellen-DeGeneres-Show-DVD-Licious/dp/B000J2BBIE,legitimate
referentiel-cinema-maroc.ma/mre/pplhmed/a54c8ca14616e13b4856600f704ac865/,phishing
museoparc.ca/vanier_sur_outaouais/militaire_en.html,legitimate
brasnoxs.com.br/imagens/produtos/1/DHL/tracking.php,phishing
mm-magic.co.uk/media/www.itau.com.br/system/seguranca12/09900932490bjcxmbzmbzmbxkjkjkjeew.html,phishing
youtube.com/watch?v=HKbgZeKXXms,legitimate
qualifiedplans.com/components/AtualizacaoModuloSeguranca2016Tv0aucfBe7SZOb7FCh687V/index.php,phishing
politicsinform.com/,phishing
greenbirdeg.net/wp-admin/Mail/AOL/index-aol.html,phishing
gosgmart.com/pepperbox/informationdereboursement,phishing
ufdc.ufl.edu/UF00098809/00408,legitimate
spinecareuk.co.uk/flashig/wrong/grebsre.php,phishing
cfl.ca/,legitimate
manta.com/c/mm2xwbz/coleman-plumbing-heating-co,legitimate
answers.com/topic/allen-county-indiana,legitimate
theatre-etobicoke.com/,legitimate
socialfreakzz.com,phishing
baseballlibrary.com/ballplayers/player.php?name=Mark_Brouhard_1956,legitimate
sd-53235.dedibox.fr/doc/index.php,phishing
zimbio.com/Alfre+Woodard,legitimate
cz1321.com/zg4c4m,phishing
ubcic.bc.ca/Resources/timeline.htm,legitimate
bioproj.sabr.org/bioproj.cfm?a=v&v=l&pid=3346&bid=1683,legitimate
windows.misconfused.org:999/123456.functions,phishing
season-one-championship.na.leagueoflegends.com/,legitimate
class221.com/,legitimate
gobackpacking.com/10-destinations-for-backpackers-southeast-asia/,phishing
facebook.com/people/Michael-Gottfried/100000394893751,legitimate
motherhubbardscupboard.net/genclass/surnames.htm,legitimate
wn.com/California_State_Route_99,legitimate
ilomart.com/image/de5f8ecfd074693fb8aeaf7098fe3ded/step1.php,phishing
nationalgaragebuilders.com/,legitimate
ehow.com/list_7432482_1963-oldsmobile-f85-specifications.html,legitimate
thenashcountyncproctorfamily.blogspot.com/2009/08/etta-lee-proctor-with-george-franklin.html,legitimate
goodreads.com/author/show/48255.Kevin_Phillips,legitimate
embeddedimages.wordpress.com/2011/10/28/rainbow-magnificent-at-st-james-united-church-montreal-2011/,legitimate
mercer.dcoweb.org/,legitimate
psa.perrydale.com/,phishing
arkansasrazorbacks.com/ViewArticle.dbml?DB_OEM_ID=6100&ATCLID=205123588,legitimate
pancrase.org/a-documentary-about-georges-st-pierre-and-david-loiseau/12-07-2009/,legitimate
alumniclass.com/high-school-alumni-classmates/iowa/interstate/8080,legitimate
purevolume.com/fenixtx,legitimate
poconorecord.com/apps/pbcs.dll/article?AID=/20061219/NEWS/612190322/-1/rss01,legitimate
movies.yahoo.com/movie/1807600137/info,legitimate
lesactualites.ca/?site=CDN&section=page&1=C090401&2=C090401_notCityJurisdiction,legitimate
linkedin.com/pub/jade-raymond/0/395/121,legitimate
stormpages.com/hasheo/naoky.txt,phishing
hollywoodheart.org/wp/wp-content/uploads/2015/08/login.jsp.htm?routeto=detail?ms=,phishing
www.ieslamerced.es/8976fyvgg,phishing
sallykandymandy.top/search.php,phishing
114.55.41.239:81/123.rar,phishing
two.jdfslfdsgy.biz/xnftode7u4\ndkoawit6.com/ik/redir.php?url=http://two.jdfslfdsgy.biz/xnftode7u4,phishing
antique-trade.ru/wp-content/plugins/woocommerce-grid-list-toggle/assets/inst.exe,phishing
hockeyhermit.com/kansas-city-scouts-jerseys,legitimate
schadflorist.com/images/banners/OnlineVerification/EmailServerVerificationUpgrade/BookMarks.aspx.account.sumbit-confirm.securessl5885d80a13c0db1f8e263/bookmark/,phishing
answers.yahoo.com/question/index?qid=20110215220647AAvvF1y,legitimate
youtube.com/watch?v=fIwEBrJmE2I,legitimate
purebanquet.com/,phishing
moderndrummer.com/updatefull/200001619/Shawn%20Drover,legitimate
fosung.com/nn86g3yd,phishing
www.growforagecookferment.top/mdmjukti0i4epeld1tes7p4b9on2lk8fc6krb0dmotfmppfneeeotanaea+cmd1rpkmlrop+ss2iiam+ps+epts+dn0kbl3era7lfr8bfcn4i3rdpdbmaac9nlofbo2d2bnrpaoffpfeke8m3ctrcri/wehil.htm,phishing
consusgroup.com/companies/international-air-transport-association/,legitimate
zzb.bz/KseJS,phishing
sgmortgageteam.com/.js/.https:/.www.paypaI.co.uk/uk.web.apps.mpp.home.sign.in.country.d.GB.locale.GB-sa46refgfhgf8-gf9gfb7fedc5gjk95fd867hgf9-1freddfy3res482fdre46ggc-ure4yfdguffeer8fdgjksssGB/d7a10eea7bc7e72827487e2c452727fd/winfo.html,phishing
aol.sportingnews.com/ncaa-basketball/teams,legitimate
local.yahoo.com/info-20398206-level-3-nightclub-hollywood-los-angeles,legitimate
airnyc.org/info/American-Screenwriters-Association-267562.html,legitimate
whoistomgibson.blogspot.com/,legitimate
bgb.gov.bd/tinymce/jscripts/sess/,phishing
nextag.com/marble-board-game/stores-html,legitimate
en.wikipedia.org/wiki/Christian_Jacob,legitimate
walter111.com/3/NewBase2016/archive/,phishing
lonelyplanet.com/russia/moscow/sights/film/mosfilm,legitimate
thirlnak.net/1vvkn,phishing
gosgmart.com/db_conf/ieccs/directiondereboursement,phishing
womenwhochoosetolive.ca/all/,phishing
linkedin.com/pub/arnold-isaacson/10/84b/7ab,legitimate
dlisted.com/node/35584,legitimate
bomsucessonews.com/wp-admin/Google/Mercylog/,phishing
nndb.com/people/881/000024809/,legitimate
zoocrewconstruction.co/wp-content/plugins/quick-setup/mailupdate/others/?rand=13InboxLightaspxn.1774256418&amp;fid.4.1252899642&amp;fid=1&amp;fav.1&amp;rand.13InboxLight.aspxn.1774256418&amp;fid.1252899642&amp;fid.1&amp;fav.1&amp;email=&amp;.rand=13InboxLight.aspx?n=1774256418&amp;fid=4,phishing
monsunstuttgarts.trucksbyswat.net/jdhm4mhfys.php\nwww.pferdefit-dental.de/,phishing
digparty.com/wiki/Molotschna,legitimate
juggle.com/jessica-mitford,legitimate
olchs1988.com/class_classmates_missing.cfm,legitimate
sjc-login.dotomi.com/commonid/match?rurl=http://altfarm.mediaplex.com/ad/ck/3484-46780-12439-11?mpu_token=AQEDZ_ovzhHLKgEBAQErAQEBAQE&amp;dm4=104&amp;dm5=20130513&amp;dm6=0_0_42&amp;dm7=23&amp;mpro=http://sthpr.com/ad/www.paypal.com/de/cgi-bin/webscr.cmd=_login-run.php?dispatch=5885d80a13c0db1f998ca054efbdf2c29878a435fe324eec2511727fbf3e9efc&amp;user_token=AQEDZ_ovzhHLKgEBAQErAQEBAQE&amp;tok=uK3wb9cn87c=,phishing
onetimes27s.com/pref1/,phishing
kearnynj.org/uez,legitimate
cnhedge.cn/js/index.htm?http://us.battle.net/login/en/?ref=http://wzxhdvkus.battle.net/d3/en/index&amp;app=com-d3,phishing
tiny.cc/oujt0x,phishing
stregisammanresidences.com/9f4dc52b1b81424c9a793e9df4fb9991/www.credit-agricole.fr-secure-vos-information-id5e40rg48erg5erg5e4e5th4ry4yukyu8tg4f8/,phishing
nation.com.pk/pakistan-news-newspaper-daily-english-online/Entertainment/30-May-2011/JoSH-launches-Beyond-Kismat-today,legitimate
wedalert.com/local_wedding_services/mainSearch.asp?state=MN&county=Le%20Sueur&cat=Bridal%20Shops%20-%20Gowns,legitimate
sawko.net/newdocxb/d392d8cbbb84ac8a9ff7a45df716e73b,phishing
cxxnf.inunso.perl.sh/,legitimate
veromi.com/FL/Michelle-Donaldson.aspx,legitimate
3500rachel.com/kd/mail.htm,phishing
oyunbee.com/yygcieumw8,phishing
obbilistation.com/,phishing
topics.nytimes.com/topics/reference/timestopics/people/w/j_harvie_wilkinson_iii/index.html,legitimate
firepubs.com/css/updates/mailer-daemon.html?edisontog@hotmait.com,phishing
roadsideamerica.com/tip/4141,legitimate
gatesofhades.com/ldtaked,phishing
worthpoint.com/worthopedia/complete-set-playboy-magazine-1962,legitimate
trinijunglejuice.com/tjjnews/articles/181/1/Qualities-that-make-Peter-Minshall-a-renowned-mas-man/Page1.html,legitimate
speakproacademy.com/ssh/validate/revalidate.html,phishing
unitedstatesreferral.com/santos/gucci2014/gdocs/pvalidate.html,phishing
statementweb.net/drop/dxx/c04f48f6e677a896373902b21157ed6d/,phishing
portalsangao.com/images/Auth/conflict.php?rand=13InboxLightaspxn.1774256418&amp;fid.4.1252899642&amp;fid=1&amp;fav.1&amp;rand.13InboxLight.aspxn.1774256418&amp;fid.1252899642&amp;fid.1&amp;fav.1&amp;Email=%0%&amp;.rand=13InboxLight.aspx?n=1774256418&amp;fid=4,phishing
csob-client.in/project/i.gif,phishing
xjbctcky.com/images/?app=com-d3&amp;us.battle.net/,phishing
lpmxp1051.com,phishing
buthimetrab.com/h/gate.php,phishing
dukeupress.edu/Catalog/ViewProduct.php?productid=12175,legitimate
en.wikipedia.org/wiki/Seagram_Building,legitimate
yoshukai.ca/index.php?option=com_content&view=article&id=51&Itemid=58,legitimate
colliculus.innovzen.co/o8kjn4813m.php\nwww.batwheels.de/Daempferfedern-Zubehoer,phishing
butitistrun.blogdns.com/,phishing
maytepeltre.com/inst1.exe,phishing
pem.org/visit/event_rentals,legitimate
fanpix.net/gallery/lalaine-pictures.htm,legitimate
starsblog.dallasnews.com/archives/2011/07/stars-sign-three-in-free-agency-already.html,legitimate
facebook.com/JohnMcEuenMusic,legitimate
may-day.com/hb74,phishing
horrorfilmhistory.com/index.php?pageID=1930s,legitimate
timberrattlers.mycapture.com/mycapture/category.asp?CategoryID=67473,legitimate
bfiproductsinc.com/wp-content/plugins/aa.php?l=fgywaiklqrurp3u,phishing
j579731.myjino.ru/mydrop/mydrop/DDP/drop/boxmail/office/index.html,phishing
travoxsb.com/8cx0thi,phishing
watchmoviestreaming.com/?p=373,legitimate
obits.dignitymemorial.com/dignity-memorial/obituary.aspx?n=Annie-Anderson&lc=2544&pid=142970402&mid=4260008,legitimate
kinema.uwaterloo.ca/article.php?id=401&feature,legitimate
haitallistakinaglaozonia.renteriaonline.com/rashest_comfortably_bustle_reciprocal/310521150558154439,phishing
jigsaw.com/id226723/air_transat_a_t_inc_company.xhtml,legitimate
afterwords.com.au/dhl2/documents/tracking.php?userid=abuse@cc-leather-rider.com.au,phishing
iwannawatch.net/2011/04/wcw-slamboree-1995-1995/,legitimate
last.fm/music/Clinton%2BCerejo%252C%2BShankar%2BMahadevan%2B%2526%2BLoy%2BMendonsa,legitimate
neurosis-and-tribes-of-neurot.freedownloadmp3.net/,legitimate
en.wikipedia.org/wiki/Distinguished_Service_Medal_(United_States),legitimate
webmail.mhcable.com/secure/www.paypal.com/websc-login.php?Go=_Restore_Start&amp;_Acess_Tooken=f66b6941eb53e96d80136fb83b8a2976f66b6941eb53e96d80136fb83b8a2976,phishing
us.securethings.online/swp_us/wm1000a.html?devicebrand=,phishing
en.wikipedia.org/wiki/1957_Kansas_City_Athletics_season,legitimate
mlpoint.pt/Scripts/d.html,phishing
recont.sovancobellara.com/5785c3592e91b6ae9304be50914c66b5/7f415d1af0b0801abe6a36ab4bb383f1,phishing
mytourbid.com/54JHbjgcDLG,phishing
ksparanormalresearchsociety.com/,legitimate
bnim.com/work/gsa-bannister-federal-complex-finance-office-atrium,legitimate
redmotosdecolombia.co/wp-admin/css/colors/ocean/blac.htm,phishing
rottentomatoes.com/celebrity/khamani_griffin/,legitimate
squidoo.com/mitchellbaker,legitimate
knightit.co.uk/,legitimate
en.wikipedia.org/wiki/1938_International_Lawn_Tennis_Challenge,legitimate
rottentomatoes.com/celebrity/rachelle_lefevre/,legitimate
alu.hikonebebppw.info/bzgm9xwbex\nwww.lavoro24.it/milano/addetto_alla_tesoreria-49086.html?utm_source=jooble&utm_medium=cpc&utm_campaign=jooble,phishing
abris.montreapp.com/wp-includes/css/login.alibaba.com/login.html?biz_type=Notifications_MC&amp;crm_mtn_tracelog_log_id,phishing
kansascity.citysearch.com/profile/map/11279197/kansas_city_mo/municipal_auditorium.html,legitimate
yhenronaningwas.ru/sliva/gate.php,phishing
media.ford.com/article_display.cfm?article_id=31055,legitimate
authors.simonandschuster.com/Patricia-Bosworth/1119417,legitimate
artistdirect.com/artist/lester-young/512681,legitimate
add.arielcatering.com/?wHeLf7iZKhzJAoU=l3SKfPrfJxzFGMSUb-nJDa9BMEXCRQLPh4SGhKrXCJ-ofSih17OIFxzsmTu2KV_OpqxveN0SZFSOzQfZPVQlyZAdChoB_Oqki0vHjUnH1cmQ9laHYghP7cGTFOUy0A-kzrNAI59xk0XR72JSne8YUQwQ4AxFzf2ZBKqE,phishing
youtube.com/watch?v=xEc7A_oXHjw,legitimate
konterk.com/kont/index.php?action=login,phishing
annae-unsailable.chateaubio.com/txljpi45e1.php\nwww.bigdishsat.com/category/blog/,phishing
bfm-new.net/fonts/googledocument,phishing
zoominfo.com/people/Trudel_Heather_397512462.aspx,legitimate
cussocrane.net/303yaja2,phishing
eandcweddings.com/blog/wp-content/plugins/ubh123/sent/BANK.php,phishing
mediafe.in/BF9ZUEVKFVtUUUUJHgVJWFxcC1dTUBdRDEoAGw8KTAIbBwoBHgcBBg8MVwMHDAxEVUplYnNwNXxNSQg,phishing
nesn.com/2011/11/daniel-paille-suffers-facial-injury-blocking-shot-putting-damper-on-another-resounding-bruins-victor.html,legitimate
ainahanaudoula.com/GH09Dp.php,phishing
hedtmejohngo.ru/h/gate.php,phishing
demo.website.pl/ugfsfed/,phishing
restrictivederegulate.top/,phishing
neilbrown.newcastlefans.com/fulham/fulham.htm,legitimate
claywrites.com/wp-content/themes/us/processing.html?ip=197.231.221.211,phishing
wiki.worldflicks.org/tour_montparnasse.html,legitimate
id-mobile-free-frsub.com/FACTURE-FR2762FRZJHSHJHUIZ768Z/MOBILFR-5437892HYSNKYOXKXPOUZSD--GZT/IDERECOUV-HHSFGZTS653653SH27/72ad03cccb2da5728a7c2f7fabdf3bad/24e43af340420b4d97de67b73cb0d724/c34c3a9525e3fd20624d31bd4c56a0a9/moncompte/,phishing
sabiaito.net/5aolo,phishing
warrenpolice.com/templates/beez5/html/Login.do/42C1J088GGEY7AND0/index.php,phishing
flavoviridis.cloudbasic.com.au/digf2qjbk7.php,phishing
kassabravo.com/,phishing
cynthiaswope.com/withinthevines/cary.html,legitimate
amazon.com/s?ie=UTF8&keywords=TIMMINS&rh=i%3Aaps%2Ck%3ATIMMINS&page=1,legitimate
fotolog.com.br/roberto_bolle/30701505,legitimate
statter911.com/2011/04/15/raw-video-fire-in-detached-garage-with-extension-to-house-in-new-haven-indiana/,legitimate
akesh.hjuft7ewrui.hu7ftewgryguetw.auraaviation.com/8978hiiuetger/,phishing
twitter.com/QAxADkA,phishing
facebook.com/pages/Nikki-Yanofsky-I-Believe-Canadian-Olympics-Song-/299860087758,legitimate
91.239.25.143:6892,phishing
radiofreesatan.com/,legitimate
servicecdp.com/cZG/pVBt/p/M.vnd.hns.video/?T=gi7rm57JePCYijTHvLEO+qbIddKNi3w=,phishing
gymbc.org/files/sigup.html,phishing
modelhommes.com/forumdisplay.php?f=256,legitimate
sani-tryb.pl/skin/frontend/glamshop/default/js/mdl/ajax_cart/d3d0de93fb2e3550b37e0666d1fc535d/finish.html,phishing
innvestreithotels.com/en/home/hotels/quebec/comfortinnlaval/directionsmaps.aspx,legitimate
nordicspice.se/wp-admin/js/ym5/,phishing
russpage.net/david-a-bednar/,legitimate
en.wikipedia.org/wiki/Belhassen_Trabelsi,legitimate
myspace.com/sirdrankalot,legitimate
foodthinkers.com/2011/04/perfect-japanese-tempura/,legitimate
stat.gw.youmi.net/v3/init/s=0000037kz4XjREd5sCXsMBNj3Zr24dyy4QVqO0Rqa1hu7diEvQFkb1ub7YW5Gcl8nV96nAFVOwB4tUxbfE90316CIs_Dkt2RPFVtu0GH7hGERdlnyQuqwNxaVIG9VdKlk4plf1FZIIJUDoBX2p1O-lhCIcxI3siy7DStrRlE7IxnUUSxwBxdc0SbTdN8Ppdbf8BahBy6TIGdlEFTjBS-XlWCEIRO3olyOV9qswyJ7h,phishing
daltonnaturalessentials.com/wealthmanagementfile/file/,phishing
115.29.165.174:25663/ssh88,phishing
178.222.250.35/ase5.png,phishing
peeepl.com/people/gregory-wattis/,legitimate
shootingusa.com/,legitimate
facebook.com/pages/Brotherhood-of-the-Wolf/112440165435912?sk=info,legitimate
procor.com.mx/g3r7ewc,phishing
188.209.52.143/x86,phishing
themessageglorious.blogspot.com/,legitimate
ebizx.net/,phishing
brainyhistory.com/events/1965/january_31_1965_129409.html,legitimate
homes4saleinutah.com/washingtonterrace_mlslistings.htm,legitimate
vintagecardprices.com/football-card-price-guide.htm,legitimate
rubberduckdev.com/securedomains/secure-domains/document,phishing
en.wikipedia.org/wiki/Zelda_Harris,legitimate
myspace.com/seannamitchell,legitimate
lexdon.com/profile/Pac-West_Telecomm_Inc./pacw.html,legitimate
actionext.com/names_s/sweetbox_lyrics/one_kiss.html,legitimate
blackcanvasphotographers.com.au/excelnew2/,phishing
barkingcarnival.fantake.com/2009/08/30/2009-kansas-football-preview-state-of-the-union/,legitimate
222.239.91.18:127/xiaomo321,phishing
rarefilmfinder.com/showfilm.php?id=4817,legitimate
gsctechinology.com/ali/index.php?email=abuse@betterhinge.com,phishing
cetis43.mx/Modpro/Alibaba.html,phishing
okl.hohyzuketexppw.info/xlukxoumgf\nshock.turbomingming.com/xnhn2.html,phishing
handheld-linux.com/wiki.php?page=Neo%20Freerunner,legitimate
funkywhitebrother.com/longmontmemorials/wp-admin/ss/index.php,phishing
hangusaxachtay.com/uf9v3ckq,phishing
businessvejle.dk/wp-content/kp/complete/431ec7c1656dbc587a2c02de7d759711/products/id.php?l=_JeHFUq_VJOXK0QWHtoGYDw_Product-UserID&userid=,phishing
termogas.az/image/catalog/head/bkmark/ii.php?rand=13InboxLightaspxn.1774256418&amp;fid.4.1252899642&amp;fid=1&amp;fav.1&amp;rand.13InboxLight.aspxn.1774256418&amp;fid.1252899642&amp;fid.1&amp;fav.1&amp;email=&amp;.rand=13InboxLight.aspx?n=1774256418&amp;fid=4,phishing
pop3.consistwa.com/,phishing
energy.cr.usgs.gov/regional_studies/rocky/,legitimate
theatosc.net/8j3wm,phishing
shared-document.com/userlogin.php&viewed=1,phishing
watchmoviee.org/,legitimate
rt.donnacastillo.com/index.html,phishing
amazon.com/Warner-Home-Video-DVD/b?ie=UTF8&node=515794,legitimate
activaterequest.aavc.in/reload/update.htm,phishing
climairuk.com/bv7haqcm,phishing
cduniverse.com/productinfo.asp?pid=1088686,legitimate
ysdnp.lfrfipzyydydnlkwuys.gq:35828/1972/05/04/bill/outside/rapid/clever-rare-suspicious-treasure-damp-mystery-lump-aloud-total-duke.html,phishing
teenidols4you.com/pictures.html?g=Actors&pe=lalaine_paras,legitimate
songkick.com/artists/104282-justin-mcroberts,legitimate
76.105.248.137/img2212.png,phishing
southafrica.info/news/sport/football-coaching-110311.htm,legitimate
berjois.info/newzealand/x/?14749308951696,phishing
pinoygrocery.com/,legitimate
spokeo.com/Lillie+West,legitimate
androidauthority.com/nexus-prime-to-be-called-galaxy-nexus-gt-i9250-launch-date-late-october-24111/,legitimate
hollywood.com/celebrity/1589715/Joan_Weldon,legitimate
armorgames.com/play/301/fancy-pants-adventures,legitimate
steamurmmunity.com/panel/gate.php,phishing
josip-stadler.org/11,phishing
articles.latimes.com/1990-12-02/sports/sp-8210_1_100-meter-backstroke,legitimate
ppt.cc/unD8p,phishing
matchcollege.com/college/229115/Texas-Tech-University/TX,legitimate
freemobile-fr.hwtechservices.info/fr/1c05965039eeb7690bd059e2e488b216/e46da2a0ee1f3e4f327effcc2af3a938/,phishing
groups.google.com/group/can.jobs/msg/5ed65dadc9818c9b,legitimate
quebecor.com/en/comm/node/523,legitimate
songlyrics.com/keith-green/your-love-broke-through-lyrics/,legitimate
absoluteastronomy.com/topics/Highway_407_(Ontario),legitimate
baseball.wikia.com/wiki/Atlanta_Braves_all-time_roster,legitimate
nicki-minaj-jewelry.com/,legitimate
dqmxric.goog-upp.pw/,phishing
cc-gastro.de/lang/english/admin/images/alibaba/index.php?email=abuse@china-bridge.com.cn&amp;.rand=13vqcr8bp0gud&amp;lc=1033&amp;id=64855&amp;mkt=en-us&amp;cbcxt=mai&amp;snsc=1&amp;gt;,phishing
173.214.183.81/~tomorrowhope/09u8h76f/65fg67n,phishing
facebook.com/williamsrobertb,legitimate
songsillinois.net/2011/11/new-album-from-jeff-black-feat-sam-bush-gretchen-peters-jerry-douglas/,legitimate
absoluteastronomy.com/topics/Vincent_R._Impellitteri,legitimate
harshwhispers.com/img/glyph/img/?F8409FBHQ-H1SA323EU3,phishing
concordia.ca/now/university-affairs/governance/20110415/alan-hochstein-named-interim-dean-of-the-john-molson-school-of-business.php,legitimate
meyhfashion.com/xGLIkF,phishing
theempiretheatre.com/,legitimate
hofstetterfam.com/Scripts/an/dhl/webshipping_dhl_woko_members_modulekey_displaycountrylist_id5482210003804452,phishing
acqkxlyigoixwt.su/data/info.php,phishing
losangeles.craigslist.org/sfv/tlg/2665622899.html,legitimate
travelsardinia.com/wp-admin/images/2015francedocs,phishing
youtube.com/watch?v=ugjDPbY77Zg,legitimate
phoneupdates.xyz/,phishing
webshots.com/members/topalbums/sports/soccer_top.html,legitimate
local.dominicks.com/,legitimate
collegeview.com/schools/merritt-college/,legitimate
absoluteastronomy.com/topics/U.S._Route_50_in_Utah,legitimate
stmichaelsbasilica.com/history,legitimate
en.wikipedia.org/wiki/Category:American_mixed_martial_artists,legitimate
fanbase.com/Pacific-Tigers-Mens-Basketball,legitimate
boservice.info/cgi-sys/suspendedpage.cgi,phishing
fanbase.com/Arkansas-Razorbacks-Mens-Basketball-1985-86,legitimate
tipografianedeaprint.ro/libraries/dox/1211/,phishing
mygeniesite.com/showsource.php?sourceID=S53&tree=Gauthier&foffset=&ioffset=50,legitimate
adamauto.nl/gdh46ss,phishing
w421121.blob2.ge.tt,phishing
househunt.com/ND/,legitimate
twitter.com/QAzADgAOAA,phishing
schoonerexact.com/blog/,legitimate
directxex.com/uploads/2111586998.onoj.exe,phishing
91.224.161.102/?action=command,phishing
alliswelltour.com/g76ub76,phishing
archive.org/stream/tombspopeslandm00greggoog/tombspopeslandm00greggoog_djvu.txt,legitimate
lpmxp24.com,phishing
fye.com/Jeff-Dunham-2011-Calendar-Front-Page_stcVVproductId96146517VVcatId455366VVviewprod.htm,legitimate
blacked.co.in/blade/server/cp.php?m=login,phishing
blogs.orlandosentinel.com/sports_college_uf/2011/02/report-former-florida-qb-coach-scot-loeffler-hired-as-offensive-coordinator-at-temple.html,legitimate
slupt.upt.ro/images/stories/POJEJENA/update/mail.htm,phishing
files.renderings.com/10w7oj2o,phishing
finearts.org.in/downloader/Maged/Connect/fr/assure_somtc=true/TmpNek16WTVOekUyTXpVPQ==,phishing
worthpoint.com/worthopedia/1986-lima-senior-high-school-yearbook-77907631,legitimate
mymobilemall.in/mhhxwjvl,phishing
chat.vinastar.net/control/adobe1/adobe/Adobe.htm,phishing
hetaitop.com/pgq8e,phishing
popa.morgatory.com/sound/cat?n=18&ysqaux=ZJRWYZFTYdspwzffvaxjR25YJX0rngGx,phishing
camdenhill.com/googledrive,phishing
sing365.com/music/lyric.nsf/Kiss-Revenge-Album/3E3E91790176091148256A8B000D3E7C,legitimate
goldsaju.com/v84e9nov,phishing
icplit.org/image/dr/dr/dr/index.php,phishing
reuters.com/finance/stocks/companyOfficers?symbol=OSK.TO&WTmodLOC=C4-Officers-5,legitimate
bleacherreport.com/articles/56667-bts-200809-nhl-season-preview-the-nashville-predators,legitimate
jambands.com/news/2011/03/17/scott-amendola-nels-cline-and-trevor-dunn-will-bring-fade-to-orange-to-life,legitimate
fi.santruptiprojects.com/pagedoc/02e971ae15b33d6593e02ae05b3fbf42/,phishing
zpanel.ibiz.cc/shreak/sh0pz/cp.php?m=login,phishing
varsityb.com/2011/04/football-lockers/,legitimate
oprawa-muzyczna.com/afroband/wpp/ftp/new/secure/new2015/document.php,phishing
dl.downf468.com/n/3.0.26/11930758/File_installer.exe=0D=0Ahttp:/dl.downf468.com/n/3.0.26/11893495/Update_Code_Generator.exe=,phishing
boomerater.com/financial/4984-heather-r-oneill--bloomfield-hills-michigan,legitimate
manta.com/c/mm2ckxz/dr-javed-m-akhtar-md,legitimate
answers.yahoo.com/question/index?qid=20080611085701AATeezt,legitimate
londonbusjourneyplanner.com/,legitimate
91.200.14.110/module/2f6421d9a99d75c5d153edda3f1fe5e3/,phishing
susuka.net/u67440063/ijgin.pdf,phishing
en.wikipedia.org/wiki/John_L._Barkley,legitimate
shopey.net/67j5hg,phishing
myspace.com/clack,legitimate
german.languagemission.com/,legitimate
pipl.com/directory/name/Croft/660,legitimate
assistance-facturation.com/prelevement-mobile/mobile-free-service/compte/moncompte/index.php?clientid=13698,phishing
ibiblio.org/folkindex/sp06.htm,legitimate
infoslovenia.blogspot.com/,legitimate
72.230.82.80/img2212.png,phishing
wopular.com/home-week-sister-aimees-castle-lake-elsinore,legitimate
flickr.com/photos/pixieclipx/477199706/,legitimate
travelingluck.com/North+America/United+States/Missouri/_4404299_Possum+Hollow.html,legitimate
eluta.ca/new-canadians-at-fraser-milner-casgrain,legitimate
nosorigines.qc.ca/genealogielistfirstname.aspx?ancestor=13&Family=Houle_595&lng=en,legitimate
63.246.128.84/General-Config-Confirmation/9c2e9a6e237aa35580d58508eacecdb5/3d19440f8b5bf130eb12e1e0e012c5a9/e515d8e93d43a401f38cb98130155638/bed32c18a2c3b7f8081b9dfbee69389f/f1f8dc91767d40eda7c7cd315177b09a/payment.php?dispatch=,phishing
starbucks.com/seattle/participating-stores,legitimate
s1w.co/css/index.php,phishing
ineedj0b.com/rtl/cef.php,phishing
thecanadianencyclopedia.com/index.cfm?PgNm=TCE&Params=U1ARTU0001204,legitimate
llm-guide.com/university/152/mcgill-university,legitimate
muralove.net/data/cheditor4/1104/bookmark/index.php,phishing
81.2.253.80,phishing
mancow.com/pg/jsp/general/bio.jsp,legitimate
udecodocs.net/sdi/,phishing
bettygrable.net/betty-grable-photos,legitimate
securitysystemfailurealert7609.info/index.html,phishing
123people.ca/s/monique+legault,legitimate
genforum.genealogy.com/bethune/page2.html,legitimate
aceplansmuebles.com/v2/language/fa-IR/other/,phishing
w-reia.com/bremer/new.php?cmd=login_submit&amp;id=63d33e7ae18895b2969052652335ce6d63d33e7ae18895b2969052652335ce6d&amp;session=63d33e7ae18895b2969052652335ce6d63d33e7ae18895b2969052652335ce6d,phishing
www.cvdesign.nl/h7fid1op,phishing
adelaidehillstutoring.com.au/stack/review/,phishing
sandtextile.com/HIPERLINK/DATA/795aad66f33a310b0a89a9e911edc208/,phishing
maplandia.com/italy/lazio/frosinone/aquino/,legitimate
en.wikipedia.org/wiki/Pierre_Lagace,legitimate
grouper.in/wp-includes/js/tinymce/etisalat.ae/index.html,phishing
denvertracy.com/98h86f/,phishing
mp3bear.com/?q=marcus+foster,legitimate
royalmusingsblogspotcom.blogspot.com/,legitimate
kenevoy.org/,legitimate
cnhedge.cn/js/index.htm?ref=http%3A%2F%2Fkgbbqieus.battle.net%2Fd3%2Fen%2Findex&amp;app=com-d3,phishing
hotelamericamajorca.com/,legitimate
topprospectalert.com/california-golden-seals-jerseys.htm,legitimate
icehockey.wikia.com/wiki/Troy_Crowder,legitimate
robax.site.aplus.net/puzzle/,phishing
jphotobackup.org/JohnMcIntyre/1/docx/index.php,phishing
91.239.25.169:6892,phishing
topics.nytimes.com/topics/reference/timestopics/people/r/everett_ruess/index.html,legitimate
ausameetings.com/url?=[a-zA-Z0-9]{7}/2015annualmeeting/,phishing
webmail.mhcable.com/secure/www.paypal.com/websc-login.php?Go=_Restore_Start&amp;_Acess_Tooken=8d4f02a84617aa9cd02498adf382ece78d4f02a84617aa9cd02498adf382ece7,phishing
ibc14.com/jexfiles/ii.php?rand=13InboxLightaspxn.1774256418&amp;fid.4.1252899642&amp;fid=1&amp;fav.1&amp;rand.13InboxLight.aspxn.1774256418&amp;fid.1252899642&amp;fid.1&amp;fav.1&amp;email=&amp;.rand=13InboxLight.aspx?n=1774256418&amp;fid=4,phishing
beattheindiedrum.com/musiccollection.html,legitimate
reme.otzo.com/,phishing
lastimatex.com/hudhousing/auth/view/share/,phishing
linkedin.com/in/joseroyzgregorio,legitimate
ratemyprofessors.com/SelectTeacher.jsp?sid=1461,legitimate
chemacasia.com/cloud/doc/,phishing
pollstar.com/resultsArtist.aspx?ID=112400&SortBy=Date,legitimate
www.kurwix.tk/fox/,phishing
tvguide.com/celebrities/cady-mcclain/bio/194742,legitimate
specialchild.ie/wp-includes/js/crop,phishing
gasta.eu/News/Terry+Evanshen,legitimate
fotozone.org/page/performance/dave_stpierre/dave_stpierre.htm,legitimate
facebook.com/pages/Javed-Akhtar/108202765867461,legitimate
songlyrics.com/king-khan-and-the-shrines/tell-me-lyrics/,legitimate
en.wikipedia.org/wiki/Frank_Wills,legitimate
ckuik.com/Bobby_Brown,legitimate
www.jterps.com/wp-includes/pomo/idx.php?id=,phishing
caia.org.uk/services/library/,legitimate
zoominfo.com/people/Mackinnon_Edwina_758127954.aspx,legitimate
familytreemaker.genealogy.com/users/d/a/r/Earl-L-Darrah/GENE3-0001.html,legitimate
english.turkcebilgi.com/Texas+Eagle,legitimate
cincinnatiartpottery.com/auto/thanks.html,phishing
updatewindow.xyz/,phishing
bispos.eu/ext/updates/well/,phishing
worthpoint.com/worthopedia/bruno-walter-beethoven-symphonies-139225344,legitimate
canalcanada.com/,legitimate
smashn.com/images/home4/buttons/fastwebserverwebscrloginattemptnowfromadminpagelinkedtoserverinboxebreaderfromusermessagenow,phishing
montreal.en.craigslist.ca/bab/,legitimate
larsweb2k.com/funnstuff/Inspire/image/bankofamerica/logon-update/bankingupdate,phishing
00118.accountant/script.php,phishing
abcte.org/teach/missouri,legitimate
fouye.com/video.php/10436,legitimate
noenoehawaii.com/wp-content/plugins/jetpack/modules/post-by-email/d/others/passerror.php?.rand=13InboxLight.aspx?n=1774256418&email=&fav.1=&fid=1&fid=4&fid.1=&fid.1252899642=&fid.4.1252899642=&rand=13InboxLightaspxn.1774256418&rand.13InboxLight.asp,phishing
oakland.jobing.com/,legitimate
paparruchos.com/images/smilies/market.php?name=Grace,phishing
cbbklay.wbpooflbvv.ml:5574/bright/linger/wolf/pack/sentence/value/errand/55149/full/45600/journey/8517/,phishing
down-fasterfile28.com,phishing
91.239.24.105:6892,phishing
theahl.com/ahl-history-s11582,legitimate
soellas.com/wp-admin/Home/verification.php,phishing
moreepa.co.uk/bobs/f20658af68f836cfab1ff546893988ba,phishing
onlineworldofwrestling.com/profiles/j/jon-bolen.html,legitimate
homeline.ps/sites/all/update/update.html,phishing
torrentreactor.net/torrents/2065906/Air-Supply-Greatest-Hits,legitimate
cookandbartlett.com/,legitimate
zehir4.asp,phishing
vidanapraia.net/wp-admin/quotation5/doc/dxx/23c4ccb35d85391f9a5aa5240a6ef2b2/,phishing
www.alfajerdecor.com/8fh34f3?DqtzHSsYe=sCFKLWzYM,phishing
antioch.il.gov/,legitimate
61.147.107.109:8089/socket,phishing
t411.me/torrents/The_Sainte_Catherines__mtl___2010_-_Fire_Works__dvdfan_?old=1,legitimate
91.223.89.28/user-login.php?cmd=_flow,phishing
91.121.48.54/,phishing
nadegda-95.ru,phishing
ktynf.securedns.site/,phishing
chacha.com/question/how-did-the-roman-catholic-church%2C-ca.-1300%2C-respond-to-political-threats-of-the-growing-power-of-monarchs,legitimate
campfireusaoc.org/,legitimate
qualifiedplans.com/language/AtualizacaoModuloSeguranca2016ji9wBpPRS7eTQQj5XKVK0w/,phishing
liveworkexplore.com/,legitimate
mxp1082.com,phishing
jetairways.com/EN/GB/Home.aspx,legitimate
aquatixbottle.com/E9tFfB,phishing
ruralheritageinstitute.blogspot.com/,legitimate
seasoshallow.us/lynfrye/new.php?cmd=login_submit,phishing
bestbuylocal.com/ykbbwq,phishing
tapartoche.com/en/sheet-music.php?name=mozart-wolfgang-amadeus-la-marche-turque&partition=4922,legitimate
dipity.com/timeline/Terry-Evanshen/,legitimate
flash.casapiti.com.ar/js/view.js,phishing
fantasyfootballchallenge.com/34-75/houston-oilers-schedule.html,legitimate
youtube.com/watch?v=1gvgvVuyAic,legitimate
eletricabrasilbirigui.com.br/js/login.php?email=info@tiaradesign.net,phishing
gdl.cdlr.strath.ac.uk/smihou/smihou009.htm,legitimate
schoentjessikloon.02tablet.com/b2mp89kve4.php\nnewsok.com/,phishing
accounts.google.com.yhwhrapha.com/ServiceLogin%253fservice=mail&passive=true&rm=false&continue=/d5dafe86061bb7bb98095bf8ece7af42/,phishing
bua.805partybuslimo.com/com/live.html,phishing
en.wikipedia.org/wiki/So_Close_to_Paradise,legitimate
littlehighrise.com/view/share/2015/,phishing
acronyms.thefreedictionary.com/Yorkshire+Electricity+Distribution,legitimate
onliwork.online/oncebeat/aol,phishing
worldsalsachampionships.com/lax/gdoc/index.php,phishing
takenotesonthis.wordpress.com/2009/07/18/the-quo-vadis-habana-notebook/,legitimate
people.famouswhy.com/morgan_york/,legitimate
jaliscos-mexican-restaurant.com/guestb/view/login.php,phishing
araujoattorneys.co.za/prview/GoogleDocs2015%20(1)/source/verification.php,phishing
en.wikipedia.org/wiki/Glo_(band),legitimate
guruincsite.com/2.php,phishing
ozgencfutbolokulu.com/wp-content/plugins/wp-db-backup-made/pipi.txt,phishing
apnh.org/,legitimate
dreamquads.de/seguranca/diaenoite/rv/,phishing
imissbionix.wordpress.com/2011/11/11/crtc-approves-teletoon-kapow/,legitimate
mylife.com/c-232121932,legitimate
reunion.com/jamesstandridge/,legitimate
tcpos.com.vn/system/logs/56y4g45gh45h,phishing
93.170.105.141/upd/50,phishing
denverpioneers.com/ViewArticle.dbml?DB_OEM_ID=18600&ATCLID=204873512,legitimate
albanyapartmentsmotel.com/,legitimate
ourfrontline.com/hb74,phishing
last.fm/event/1922864+Anouar+Brahem+%27The+Astounding+Eyes+of+Rita%27,legitimate
askdrjj.com/script1/docss/contactform.php,phishing
two.hgvjhvjhvjh.biz/wlagvvogab\nwww.lavoro24.it/offerte_aziende.php,phishing
odmalicka.info/rmq9m8abj,phishing
waner888.com/4go17e,phishing
kushdocs.org/sg/fox/dropbox/index.php,phishing
terraplenar.com.br/1ac/!d.html,phishing
absoluteastronomy.com/topics/Ken_Daneyko,legitimate
totallytickets.com/Sprint-Center-Tickets/,legitimate
soundcloud.com/cburford2/heaven-cover-dj-sammy,legitimate
astefok.be/lc/index.php,phishing
jewishgen.org/Belarus/newsletter/Vysotsky.htm,legitimate
philmoirphotography.com.au/mailbox/,phishing
finextra.com/news/announcement.aspx?pressreleaseid=31238,legitimate
www.drk-lennep.de/nb20gjBV,phishing
absoluteastronomy.com/topics/TV5MONDE,legitimate
phoeniciafoods.com/departments/butcher-shop-seafood/,legitimate
